{"cameraMode":{"drawMode":0,"name":"Shaded","section":"Shading Mode"},"sceneLighting":true,"audioPlay":false,"sceneViewState":{"showFog":true,"showMaterialUpdate":false,"showSkybox":true,"showFlares":true,"showImageEffects":true,"showParticleSystems":true},"in2DMode":false,"pivot":{"x":45.18000030517578,"y":2.789376735687256,"z":3.6599998474121095},"rotation":{"x":-0.011935503222048283,"y":-0.10330788791179657,"z":0.001239754376001656,"w":-0.9945771098136902},"size":87.26910400390625,"orthographic":false}