{"cameraMode":{"drawMode":0,"name":"Shaded","section":"Shading Mode"},"sceneLighting":true,"audioPlay":false,"sceneViewState":{"showFog":true,"showMaterialUpdate":false,"showSkybox":true,"showFlares":true,"showImageEffects":true,"showParticleSystems":true},"in2DMode":false,"pivot":{"x":-8.683858871459961,"y":12.110452651977539,"z":-2.65285587310791},"rotation":{"x":-0.14619173109531403,"y":-0.2792956829071045,"z":0.04306882992386818,"w":-0.9480332732200623},"size":156.338134765625,"orthographic":false}