{"cameraMode":{"drawMode":0,"name":"Shaded","section":"Shading Mode"},"sceneLighting":false,"audioPlay":false,"sceneViewState":{"showFog":true,"showMaterialUpdate":false,"showSkybox":true,"showFlares":true,"showImageEffects":true,"showParticleSystems":true},"in2DMode":false,"pivot":{"x":439.8736572265625,"y":207.0,"z":-0.6472532749176025},"rotation":{"x":0.03420104458928108,"y":0.011396926827728749,"z":-0.00038989385939203203,"w":0.9993499517440796},"size":578.0180053710938,"orthographic":false}