{"cameraMode":{"drawMode":0,"name":"Shaded","section":"Shading Mode"},"sceneLighting":true,"audioPlay":false,"sceneViewState":{"showFog":true,"showMaterialUpdate":false,"showSkybox":true,"showFlares":true,"showImageEffects":true,"showParticleSystems":true},"in2DMode":false,"pivot":{"x":0.0959329605102539,"y":0.2981071472167969,"z":-0.2902555465698242},"rotation":{"x":-0.07806970924139023,"y":0.9084486365318298,"z":-0.19677460193634034,"w":-0.3604247272014618},"size":7.9435906410217289,"orthographic":false}